{
  "accuracy": 0.44333333333333336,
  "macro_f1": 0.4251838584879452,
  "report": {
    "KIS": {
      "precision": 0.16666666666666666,
      "recall": 0.058823529411764705,
      "f1-score": 0.08695652173913043,
      "support": 17.0
    },
    "How-to": {
      "precision": 1.0,
      "recall": 0.20588235294117646,
      "f1-score": 0.34146341463414637,
      "support": 34.0
    },
    "Music": {
      "precision": 0.75,
      "recall": 0.782608695652174,
      "f1-score": 0.7659574468085106,
      "support": 23.0
    },
    "News": {
      "precision": 0.7142857142857143,
      "recall": 0.22727272727272727,
      "f1-score": 0.3448275862068966,
      "support": 44.0
    },
    "Sports": {
      "precision": 0.7073170731707317,
      "recall": 0.8055555555555556,
      "f1-score": 0.7532467532467533,
      "support": 36.0
    },
    "Review": {
      "precision": 0.20987654320987653,
      "recall": 0.6538461538461539,
      "f1-score": 0.3177570093457944,
      "support": 26.0
    },
    "Entertainment": {
      "precision": 0.5714285714285714,
      "recall": 0.4444444444444444,
      "f1-score": 0.5,
      "support": 81.0
    },
    "Other": {
      "precision": 0.234375,
      "recall": 0.38461538461538464,
      "f1-score": 0.2912621359223301,
      "support": 39.0
    },
    "accuracy": 0.44333333333333336,
    "macro avg": {
      "precision": 0.5442436960951951,
      "recall": 0.4453811054674226,
      "f1-score": 0.42518385848794527,
      "support": 300.0
    },
    "weighted avg": {
      "precision": 0.5728614960174072,
      "recall": 0.44333333333333336,
      "f1-score": 0.44371746899223347,
      "support": 300.0
    }
  }
}